a-piece-of-motivation,Joyful
amazing-grace,Joyful
angels-we-have-heard-on-high-grand-piano,Joyful
ataraxia,Peaceful
believe-in-miracle,Dreamy
brahms-lullaby,Nostalgia
calm-nature,Calm
cinematic-piano (*),Emotional
cold-mountain,Cold
comedian,Happy
dance-of-the-sea,Dreamy
dog-waltz,Joyful
dreamy,Dreamy
dry-autumn-leaf,Emotional
emotional-piano,Emotional
emotions,Emotional
endless-by-prabajithk-118998,Peaceful
faded-letter-calm-and-touching,Touching
first-dance,Joyful
flowers-piano,Emotional
forget,Forgetful
glass-heart,Hurtful
god-rest-you-merry-gentlemen-christmas,Joyful
happy-birthday-to-you,Joyful
heerful,Joyful
hope-piano,Hopeful
hopeful-piano_1,Hopeful
hopeful-piano,Cinematic
horrible,Fogs
in-the-saloon,Nostalgia
inspirational-cinematic-piano,Inspirational
inspiring-life,Inspirational
jazz-cafe,Emotional
jazz-style-piano-day-happy-love-life,Emotional
lilix27s-dream,Dreamy
lonestar,Emotional
longing-for-eternity-worship (*),Emotional
love-in-vintage-film,Joyful
lovely-time,Joyful
mafia,Thrilling
moonlight-sonata-sonate,Emotional
morning-dew-delicate,Joyful
omedy,Joyful
peaceful-garden-healing-light,Nostalgia
piano-emotional-children,Nostalgia
piano,Emotional
raining-ambient-calm-piano,Nostalgia
regret-sad-dark-piano,Regretful
relaxing-piano,Emotional
rinascita,Dreamy
river-calm-and-relaxing,Nostalgia
sad-piano,Emotional
saloon-piano-ragtime-retro-vintage-jazz-comedy,Joyful
sentimental,Victory
soft-rain-delicate-piano,Macro
sorrow,Emotional
sound-sleep-surprise-,Emotional
spring,Emotional
starlight-calm-piano,Emotional
stress-relief-piano,Peaceful
suiboku-calm-zen-piano,Calmness
sunrise-piano,Nostalgia
tearful,Emotional
tender-feelings,Nostalgia
the-sound-of-water-drops,Peaceful
the-winter-fall,Nostalgia
this-documentary,Joyful
together,Emotional
traveling-around-the-world,Joyful
uplifting-piano,Dreamy
waiting,Emotional
waterfalls,Nostalgia
we-can-do-it,Victory
wedding-love-story,Joyful
with-all-my-heart,Joyful
you-are-always-with-me,Emotional
Across-the-Park,Joyful
Autumn-Scene,Emotional
Autumn,Joyful
Beautiful-Piano,Joyful
Beethoven_Piano_Sonata_D_major_I_Allegro,Joyful
Calm-and-Peaceful,Peaceful
Cinematic-piano-lights,Nostalgia
Circus-Theme-Entry-of-the-Gladiators,Joyful
driftamonginfinitestars,Emotional
1_Te_Amo,Peaceful
2_Winter_The_Four_Seasons,Cold
3_Naruto-Sadness_and_Sorrow,Sorrow
4_Victory,Joyful
5_Memories,Joyful