a-piece-of-motivation,Tender Mood
amazing-grace,Happy Mood
angels-we-have-heard-on-high-grand-piano,Happy Mood
ataraxia,Tender Mood
believe-in-miracle,Tender Mood
brahms-lullaby,Tender Mood
calm-nature,Tender Mood
cinematic-piano (*),Exciting Mood
cold-mountain,Exciting Mood
comedian,Funny Mood
dance-of-the-sea,Happy Mood
dog-waltz,Funny Mood
dreamy,Happy Mood
dry-autumn-leaf,Sad Mood
emotional-piano,Sad Mood
emotions,Tender Mood
endless-by-prabajithk-118998,Happy Mood
faded-letter-calm-and-touching,Tender Mood
first-dance,Exciting Mood
flowers-piano,Sad Mood
forget,Tender Mood
glass-heart,Sad Mood
god-rest-you-merry-gentlemen-christmas,Happy Mood
happy-birthday-to-you,Happy Mood
heerful,Exciting Mood
hope-piano,Happy Mood
hopeful-piano_1,Happy Mood
hopeful-piano,Exciting Mood
horrible,Scary Mood
in-the-saloon,Exciting Mood
inspirational-cinematic-piano,Exciting Mood
inspiring-life,Exciting Mood
jazz-cafe,Happy Mood
jazz-style-piano-day-happy-love-life,Exciting Mood
lilix27s-dream,Happy Mood
lonestar,Sad Mood
longing-for-eternity-worship (*),Happy Mood
love-in-vintage-film,Exciting Mood
lovely-time,Tender Mood
mafia,Scary Mood
moonlight-sonata-sonate,Tender Mood
morning-dew-delicate,Happy Mood
omedy,Exciting Mood
peaceful-garden-healing-light,Tender Mood
piano-emotional-children,Exciting Mood
piano,Tender Mood
raining-ambient-calm-piano,Tender Mood
regret-sad-dark-piano,Sad Mood
relaxing-piano,Tender Mood
rinascita,Happy Mood
river-calm-and-relaxing,Tender Mood
sad-piano,Sad Mood
saloon-piano-ragtime-retro-vintage-jazz-comedy,Exciting Mood
sentimental,Happy Mood
soft-rain-delicate-piano,Happy Mood
sorrow,Sad Mood
sound-sleep-surprise-,Tender Mood
spring,Happy Mood
starlight-calm-piano,Happy Mood
stress-relief-piano,Tender Mood
suiboku-calm-zen-piano,Tender Mood
sunrise-piano,Exciting Mood
tearful,Sad Mood
tender-feelings,Tender Mood
the-sound-of-water-drops,Tender Mood
the-winter-fall,Tender Mood
this-documentary,Exciting Mood
together,Tender Mood
traveling-around-the-world,Exciting Mood
uplifting-piano,Happy Mood
waiting,Sad Mood
waterfalls,Happy Mood
we-can-do-it,Exciting Mood
wedding-love-story,Exciting Mood
with-all-my-heart,Happy Mood
you-are-always-with-me,Happy Mood
Across-the-Park,Happy Mood
Autumn-Scene,Happy Mood
Autumn,Exciting Mood
Beautiful-Piano,Happy Mood
Beethoven_Piano_Sonata_D_major_I_Allegro,Exciting Mood
Calm-and-Peaceful,Tender Mood
Cinematic-piano-lights,Tender Mood
Circus-Theme-Entry-of-the-Gladiators,Exciting Mood
driftamonginfinitestars,Tender Mood
1_Te_Amo,Happy Mood
2_Winter_The_Four_Seasons,Scary Mood
3_Naruto-Sadness_and_Sorrow,Sad Mood
4_Victory,Exciting Mood
5_Memories,Tender Mood