a-piece-of-motivation,Summer
amazing-grace,Autumn
angels-we-have-heard-on-high-grand-piano,Winter
ataraxia,Spring
believe-in-miracle,Summer
brahms-lullaby,Spring
calm-nature,Spring
cinematic-piano (*),Autumn
cold-mountain,Winter
comedian,Summer
dance-of-the-sea,Summer
dog-waltz,Summer
dreamy,Autumn
dry-autumn-leaf,Autumn
emotional-piano,Winter
emotions,Autumn
endless-by-prabajithk-118998,Spring
faded-letter-calm-and-touching,Winter
first-dance,Spring
flowers-piano,Autumn
forget,Spring
glass-heart,Winter
god-rest-you-merry-gentlemen-christmas,Winter
happy-birthday-to-you,Summer
heerful,Spring
hope-piano,Autumn
hopeful-piano_1,Summer
hopeful-piano,Summer
horrible,Autumn
in-the-saloon,Spring
inspirational-cinematic-piano,Spring
inspiring-life,Summer
jazz-cafe,Spring
jazz-style-piano-day-happy-love-life,Autumn
lilix27s-dream,Spring
lonestar,Spring
longing-for-eternity-worship (*),Summer
love-in-vintage-film,Autumn
lovely-time,Autumn
mafia,Winter
moonlight-sonata-sonate,Spring
morning-dew-delicate,Spring
omedy,Spring
peaceful-garden-healing-light,Autumn
piano-emotional-children,Summer
piano,Autumn
raining-ambient-calm-piano,Spring
regret-sad-dark-piano,Spring
relaxing-piano,Spring
rinascita,Spring
river-calm-and-relaxing,Autumn
sad-piano,Summer
saloon-piano-ragtime-retro-vintage-jazz-comedy,Summer
sentimental,Spring
soft-rain-delicate-piano,Spring
sorrow,Autumn
sound-sleep-surprise-,Spring
spring,Spring
starlight-calm-piano,Spring
stress-relief-piano,Autumn
suiboku-calm-zen-piano,Spring
sunrise-piano,Spring
tearful,Autumn
tender-feelings,Summer
the-sound-of-water-drops,Spring
the-winter-fall,Winter
this-documentary,Spring
together,Autumn
traveling-around-the-world,Spring
uplifting-piano,Spring
waiting,Autumn
waterfalls,Autumn
we-can-do-it,Spring
wedding-love-story,Spring
with-all-my-heart,Spring
you-are-always-with-me,Winter
Across-the-Park,Spring
Autumn-Scene,Autumn
Autumn,Autumn
Beautiful-Piano,Spring
Beethoven_Piano_Sonata_D_major_I_Allegro,Spring
Calm-and-Peaceful,Spring
Cinematic-piano-lights,Spring
Circus-Theme-Entry-of-the-Gladiators,Spring
driftamonginfinitestars,Spring
1_Te_Amo,Autumn
2_Winter_The_Four_Seasons,Winter
3_Naruto-Sadness_and_Sorrow,Autumn
4_Victory,Spring
5_Memories,Autumn