a-piece-of-motivation,Night
amazing-grace,Evening
angels-we-have-heard-on-high-grand-piano,Night
ataraxia,Night
believe-in-miracle,Night
brahms-lullaby,Night
calm-nature,Morning
cinematic-piano (*),Noon
cold-mountain,Evening
comedian,Evening
dance-of-the-sea,Night
dog-waltz,Night
dreamy,Night
dry-autumn-leaf,Evening
emotional-piano,Morning
emotions,Evening
endless-by-prabajithk-118998,Morning
faded-letter-calm-and-touching,Night
first-dance,Night
flowers-piano,Night
forget,Evening
glass-heart,Evening
god-rest-you-merry-gentlemen-christmas,Night
happy-birthday-to-you,Night
heerful,Night
hope-piano,Morning
hopeful-piano_1,Noon
hopeful-piano,Noon
horrible,Night
in-the-saloon,Noon
inspirational-cinematic-piano,Morning
inspiring-life,Noon
jazz-cafe,Noon
jazz-style-piano-day-happy-love-life,Evening
lilix27s-dream,Night
lonestar,Night
longing-for-eternity-worship (*),Morning
love-in-vintage-film,Night
lovely-time,Night
mafia,Noon
moonlight-sonata-sonate,Night
morning-dew-delicate,Morning
omedy,Night
peaceful-garden-healing-light,Morning
piano-emotional-children,Noon
piano,Night
raining-ambient-calm-piano,Morning
regret-sad-dark-piano,Night
relaxing-piano,Noon
rinascita,Night
river-calm-and-relaxing,Day
sad-piano,Evening
saloon-piano-ragtime-retro-vintage-jazz-comedy,Night
sentimental,Morning
soft-rain-delicate-piano,Morning
sorrow,Evening
sound-sleep-surprise-,Night
spring,Morning
starlight-calm-piano,Night
stress-relief-piano,Night
suiboku-calm-zen-piano,Morning
sunrise-piano,Morning
tearful,Night
tender-feelings,Night
the-sound-of-water-drops,Morning
the-winter-fall,Morning
this-documentary,Morning
together,Night
traveling-around-the-world,Morning
uplifting-piano,Morning
waiting,Evening
waterfalls,Noon
we-can-do-it,Noon
wedding-love-story,Noon
with-all-my-heart,Morning
you-are-always-with-me,Morning
Across-the-Park,Noon
Autumn-Scene,Evening
Autumn,Morning
Beautiful-Piano,Morning
Beethoven_Piano_Sonata_D_major_I_Allegro,Morning
Calm-and-Peaceful,Night
Cinematic-piano-lights,Night
Circus-Theme-Entry-of-the-Gladiators,Night
driftamonginfinitestars,Night
1_Te_Amo,Morning
2_Winter_The_Four_Seasons,Noon
3_Naruto-Sadness_and_Sorrow,Evening
4_Victory,Evening
5_Memories,Evening