a-piece-of-motivation,Tender Mood,girl,Star gazing,Open field,Night,Summer,Joyful
amazing-grace,Happy Mood,girl,Going home,long road,Evening,Autumn,Joyful
angels-we-have-heard-on-high-grand-piano,Happy Mood,Angels,Singing on sky,Open field,Night,Winter,Joyful,Christmas story
ataraxia,Tender Mood,guy,Listening to music,On train,Night,Spring,Peaceful,Ataraxia
believe-in-miracle,Tender Mood, guy,Reaching a star,Open sky,Night,Summer,Dreamy,Miracle
brahms-lullaby,Tender Mood, baby,sleeping,Open sky,Night,Spring,Nostalgia,Lullaby,Music notes flying around
calm-nature,Tender Mood,Trees,singing,In forest,Morning,Spring,Calm,Peaceful,sun shining
cinematic-piano,Exciting Mood,group of people,hiking,In a majestic fall park,Noon,Autumn,Emotional,Cinematic,Autumn leaves flying
cold-mountain,Exciting Mood,Snow,falling,On mountains,Evening,Winter,Cold,wind blowing snow,sun shining
comedian,Funny Mood,Clown,Playing,in a circuit,Evening,Summer,Happy
dance-of-the-sea,Happy Mood,Fishes,Flying,Open Ocean,Night,Summer,Dreamy,Cinematic,moon shining
dog-waltz,Funny Mood,dog,performing,circuit,Night,Summer,Joyful,Vintage movie feeling,Music notes flying around
dreamy,Happy Mood,stars,dancing,Open sky,Night,Autumn,Dreamy,Music notes flying around
dry-autumn-leaf,Sad Mood,An old man,kneeling and crying,In graveyard,Evening,Autumn,Emotional,Autumn leaves flying
emotional-piano,Sad Mood,mother,holding dead baby and crying,In city destroyed by war,Morning,Winter,Emotional,wind blowing snow
emotions,Tender Mood,dad,helping his child to ride bike,Open field,Evening,Autumn,Emotional,Nostalgia,Autumn leaves flying
endless-by-prabajithk-118998,Happy Mood,Morning Dew,On green grasses,Open field,Morning,Spring,Peaceful,Macro,sun is shining
faded-letter-calm-and-touching,Tender Mood,An old faded letter,Lying on table,Home office,Night,Winter,Touching,Cinematic,moon is shining
first-dance,Exciting Mood,couple,dancing,Open field,Night,Spring,Joyful,Cinematic,Music notes flying around
flowers-piano,Sad Mood,Flowers,Are wilted,Open field,Night,Autumn,Emotional,moon shining,Autumn leaves flying
forget,Tender Mood,couple,watching sunset,Open sky,Evening,Spring,Forgetful,Emotional,Vintage movie feeling
glass-heart,Sad Mood,A glass heart,broken,An empty room,Evening,Winter,Hurtful,Cinematic
god-rest-you-merry-gentlemen-christmas,Happy Mood,group of people,doing Christmas carol,In town,Night,Winter,Joyful,Christmas tree,Music notes flying around
happy-birthday-to-you,Happy Mood,group of people,celebrating birthday,In house,Night,Summer,Joyful,Music notes flying around
heerful,Exciting Mood,couple,dancing,At wedding party,Night,Spring,Joyful,Cheerful,Music notes flying around
hope-piano,Happy Mood,couple,canoeing,In a river,Morning,Autumn,Hopeful,Nostalgia,Autumn leaves flying
hopeful-piano_1,Happy Mood,girl,skating,In an Olympic competition,Noon,Summer,Hopeful,Enjoy the moment,crowd cheering
hopeful-piano,Exciting Mood,girl,water skiing,In river,Noon,Summer,Cinematic,crowd cheering,sun shining
horrible,Scary Mood,group of people,exploring,a haunted house,Night,Autumn,Fogs,Dark Cinematic,Ghosts
in-the-saloon,Exciting Mood,cowboy,entering,A saloon,Noon,Spring,Nostalgia,Vintage movie feeling,Black and white
inspirational-cinematic-piano,Exciting Mood,Colorful hot air balloons,flying,Open sky,Morning,Spring,Inspirational,sun shining,Clouds
inspiring-life,Exciting Mood,group of people,running hard,Open field,Noon,Summer,Inspirational,Sweating,sun shining
jazz-cafe,Happy Mood,cup of coffee,steaming,On a table,Noon,Spring,Emotional,Music notes flying around,Vintage Vinyl Record Player Turntable
jazz-style-piano-day-happy-love-life,Exciting Mood,couple,dancing,In rain,Evening,Autumn,Emotional,Jazz,Music notes flying around
lilix27s-dream,Happy Mood,princess,dancing,In ballroom,Night,Spring,Dreamy,Firework,Music notes flying around
lonestar,Sad Mood,guy,walking,On an open road,Night,Spring,Emotional,stars shining,Black and white
longing-for-eternity-worship,Happy Mood,grandmother,lying on bed,In hospital,Morning,Summer,Emotional,sun shining,Family gathering around
love-in-vintage-film,Exciting Mood,a guy,kissing on a cheek of a girl,1930s era,Night,Autumn,Joyful,Vintage movie feeling,Black and white
lovely-time,Tender Mood,family,having dinner together,In dinning room,Night,Autumn,Joyful,Nostalgia,Cinematic
mafia,Scary Mood,group of mafia,carrying bags of money,In a bank,Noon,Winter,Thrilling,Dark Cinematic
moonlight-sonata-sonate,Tender Mood,Moon,shining,On beautiful lake,Night,Spring,Emotional,Dreamy,Beautiful scene
morning-dew-delicate,Happy,Morning Dew,On green grasses,Open field,Morning,Spring,Joyful,Butterflies flying,Beautiful scene
omedy,Exciting Mood,Charlie Chaplin,dancing,In restaurant,Night,Spring,Joyful,Black and white
peaceful-garden-healing-light,Tender,vintage water fountain,flowing,In garden,Morning,Autumn,Nostalgia,sun shining,Beautiful scene
piano-emotional-children,Exciting,group of children,Playing,In rain,Noon,Summer,Nostalgia,Joyful,sun shining
piano,Tender Mood,group of people,sitting around fire pit,By a riverbank,Night,Autumn,Emotional,Nostalgia,moon shining
raining-ambient-calm-piano,Tender,rain,pouring down,On a town,Morning,Spring,Nostalgia,People running away from rain,People using umbrellas
regret-sad-dark-piano,Sad Mood,guy,sitting and holding his head,On bed,Night,Spring,Regretful,moon shining
relaxing-piano,Tender Mood,Colorful flowers,blooming,In garden,Noon,Spring,Emotional,sun shining,Beautiful scene
rinascita,Happy Mood,Butterflies made by lights,flying,From open hands,Night,Spring,Dreamy,Revival,Cinematic
river-calm-and-relaxing,Tender Mood,river,flowing peacefully,Along an open field,Day,Autumn,Nostalgia,Colorful autumn trees,Autumn leaves flying
sad-piano,Sad Mood,a guy,holding an umbrella,In city destroyed by war,Evening,Summer,Emotional,Rain falling,Black and white
saloon-piano-ragtime-retro-vintage-jazz-comedy,Exciting Mood,group of people,drinking,In saloon,Night,Summer,Joyful,1900s era,Black and white
sentimental,Happy Mood,girl,lifting hands to the sky,On top of a mountain,Morning,Spring,Victory,sun shining,Cinematic
soft-rain-delicate-piano,Happy Mood,flower,blooming,In rain,Morning,Spring,Macro,Cinematic,Beautiful scene
sorrow,Sad Mood,statue of a sorrow man,faded,In heavy rain,Evening,Autumn,Emotional,Cinematic,Black and white
sound-sleep-surprise-,Tender Mood,guy,flying the moon,Open Sky,Night,Spring,Emotional,Cinematic,Beautiful scene
spring,Happy Mood,Cherry blossom trees,blooming,In garden,Morning,Spring,Emotional,sun shining,Beautiful scene
starlight-calm-piano,Happy Mood,Starlight sky,shining,Open sky,Night,Spring,Emotional,Cinematic,Beautiful scene
stress-relief-piano,Tender Mood,A lighthouse,shining,Open ocean,Night,Autumn,Peaceful,Cinematic
suiboku-calm-zen-piano,Tender Mood,Bamboo trees,standing,On mountain,Morning,Spring,Calmness,Suiboku painting,Black and white
sunrise-piano,Exciting Mood,sun,rising,On town,Morning,Spring,Nostalgia,Dreamy,Beautiful scene
tearful,Sad Mood,girl,sitting with her head on her knees crying,Open field,Night,Autumn,Emotional,Rain falling,moon shining
tender-feelings,Tender Mood,A dreamer,looking up to a purple moon,From window,Night,Summer,Nostalgia,Dreamy,moon shining
the-sound-of-water-drops,Tender Mood,Rain water drops,falling,On house roof,Morning,Spring,Peaceful,Rain falling,Cinematic
the-winter-fall,Tender Mood,Snow,falling,On river,Morning,Winter,Nostalgia,Dreamy,Beautiful scene
this-documentary,Exciting Mood,Filmstrip,running,On blue abstract background,Morning,Spring,Joyful,Cinematic
together,Tender Mood,A guy,lifting a girl,Open field,Night,Autumn,Emotional,Heart shape stars in background,Shooting stars
traveling-around-the-world,Exciting Mood,plane,flying,Famous buildings on background,Morning,Spring,Joyful,Dreamy
uplifting-piano,Happy Mood,girl,riding a bike and holding balloons,On the sky,Morning,Spring,Dreamy,Music notes flying around
waiting,Sad Mood,girl,standing,On a dock,Evening,Autumn,Emotional,Waiting,sun setting
waterfalls,Happy Mood,waterfall,flowing peacefully,On mountain,Noon,Autumn,Nostalgia,Autumn leaves flying,sun shining
we-can-do-it,Exciting Mood,group of soldiers,charging,In battle field,Noon,Spring,Victory,Cinematic,sun shining
wedding-love-story,Exciting Mood,bride,holding and kissing groom,In wedding party,Noon,Spring,Joyful,Cinematic,Beautiful scene
with-all-my-heart,Happy Mood,A heart,flying,From open hands,Morning,Spring,Joyful,Cinematic
you-are-always-with-me,Happy Mood,Two birds,perching on tree,In forest,Morning,Winter,Emotional,wind blowing snow,Beautiful scene
1_Te_Amo,Happy Mood,couple,Strolling,Along the river bank,Morning,Autumn,Peaceful,sun setting
2_Winter_The_Four_Seasons,Scary Mood,Trees,standing,On mountains,Noon,Winter,Cold,Intense snow storm
3_Naruto-Sadness_and_Sorrow,Sad Mood,man,standing,In cemetery,Evening,Autumn,Sorrow,Wind blowing
4_Victory,Exciting Mood,An army,riding horses,In battle field,Evening,Spring,Joyful,War victory
5_Memories,Tender Mood,man,helping his child to ride a bike,Open field,Evening,Autumn,Joyful,Beautiful memories
Across-the-Park,Happy Mood,girl,riding horse,Across a park,Noon,Spring,Joyful,Dreamy,sun shining
Autumn-Scene,Happy Mood,couple,looking down river,From a bridge,Evening,Autumn,Emotional,Autumn leaves flying,Beautiful scene
Autumn,Exciting Mood,couple,chasing each other,Across a park,Morning,Autumn,Joyful,Dreamy,Autumn leaves flying
Beautiful-Piano,Happy Mood,girl,playing piano,On blue abstract background,Morning,Spring,Joyful,Music notes flying around
Beethoven_Piano_Sonata_D_major_I_Allegro,Exciting Mood,shepherd,leading a flock of sheep,On green pasture,Morning,Spring,Joyful,sun shining,Beautiful scene
Calm-and-Peaceful,Tender Mood,canoe,floating,On river,Night,Spring,Peaceful,moon shining,Beautiful scene
Cinematic-piano-lights,Tender Mood,Butterflies made by lights,flying,Open field,Night,Spring,Nostalgia,Dreamy,Beautiful scene
Circus-Theme-Entry-of-the-Gladiators,Exciting Mood,gladiator,making an entry,In circuit,Night,Spring,Joyful,crowd cheering
driftamonginfinitestars,Tender Mood,girl,looking at laterns floating,On an open sky,Night,Spring,Emotional,Dreamy,Beautiful scene